date,open,high,low,close,volume
2020-01-02,4121.35,4172.66,4121.35,4152.24,182116772
2020-01-03,4161.22,4164.3,4131.86,4144.96,142826245
2020-01-06,4120.52,4170.64,4102.38,4129.3,175309952
2020-01-07,4137.4,4161.25,4135.1,4160.23,139489032
2020-01-08,4139.63,4149.81,4101.98,4112.32,167585851
2020-01-09,4145.53,4165.66,4143.59,4164.37,136886323
2020-01-10,4177.58,4180.98,4148.48,4163.18,113031718
2020-01-13,4166.93,4203.99,4148.6,4203.99,119691983
2020-01-14,4215.16,4223.51,4188.08,4189.89,129320783
2020-01-15,4186.88,4193.87,4150.88,4166.73,104633137
2020-01-16,4174.82,4175.29,4142.18,4149.04,100267643
2020-01-17,4162.19,4177.03,4141.64,4154.85,98725683
2020-01-20,4170.74,4185.96,4149.49,4185.83,122409147
2020-01-21,4165.02,4165.02,4113.33,4114.31,130527506
2020-01-22,4093.8,4141.18,4046.49,4131.93,126758764
2020-01-23,4093.32,4103.52,3972.39,4003.9,160357604
2020-02-03,3639.91,3732.16,3639.91,3688.36,157559647
2020-02-04,3652.0,3786.86,3652.0,3785.64,213933327
2020-02-05,3801.1,3866.01,3781.61,3828.53,174925524
2020-02-06,3841.75,3914.92,3806.96,3899.78,176462236
2020-02-07,3879.55,3899.88,3849.71,3899.87,151731758
2020-02-10,3872.37,3920.17,3861.01,3916.01,148406968
2020-02-11,3926.42,3970.52,3915.71,3952.46,143441674
2020-02-12,3945.67,3984.43,3940.67,3984.43,126710321
2020-02-13,3985.88,3999.55,3950.14,3959.92,145001843
2020-02-14,3954.23,4001.56,3954.02,3987.73,143239803
2020-02-17,3999.65,4077.45,3999.65,4077.42,182778970
2020-02-18,4069.83,4076.39,4027.79,4057.51,163236219
2020-02-19,4049.59,4085.17,4042.85,4051.31,169046441
2020-02-20,4062.9,4148.53,4055.81,4144.66,212232625
2020-02-21,4134.87,4184.44,4130.17,4149.49,217213604
2020-02-24,4131.84,4149.01,4097.18,4132.84,212869304
2020-02-25,4066.3,4126.71,4020.91,4123.85,244167831
2020-02-26,4070.1,4132.78,4061.13,4073.02,261094062
2020-02-27,4084.08,4110.53,4067.44,4084.88,181290980
2020-02-28,3988.73,4031.15,3928.07,3940.05,230275092
2020-03-02,3968.84,4092.54,3968.84,4069.67,219313559
2020-03-03,4125.14,4147.65,4067.91,4091.36,219369777
2020-03-04,4078.5,4115.26,4060.73,4115.05,182424730
2020-03-05,4150.21,4215.85,4127.04,4206.73,231823114
2020-03-06,4158.2,4181.31,4135.39,4138.51,172475717
2020-03-09,4063.08,4063.08,3995.13,3997.13,208102034
2020-03-10,3975.23,4093.0,3954.75,4082.73,197416402
2020-03-11,4090.93,4091.27,4028.4,4028.43,161656110
2020-03-12,3976.11,3987.43,3926.27,3950.91,157060457
2020-03-13,3771.01,3937.18,3765.15,3895.31,188296722
2020-03-16,3899.86,3899.86,3720.51,3727.84,185968261
2020-03-17,3739.78,3786.89,3618.31,3709.68,166246129
2020-03-18,3729.69,3775.85,3636.26,3636.26,155037548
2020-03-19,3623.79,3647.99,3503.19,3589.09,180807406
2020-03-20,3629.51,3663.95,3588.78,3653.22,139603000
2020-03-23,3542.68,3585.8,3523.79,3530.31,137108790
2020-03-24,3598.65,3627.76,3545.45,3625.11,143103022
2020-03-25,3711.48,3732.65,3685.99,3722.52,153495959
2020-03-26,3692.61,3736.25,3681.27,3698.05,112310666
2020-03-27,3746.39,3758.78,3709.92,3710.06,124060995
2020-03-30,3657.46,3690.64,3637.59,3674.11,126876672
2020-03-31,3708.14,3716.07,3676.2,3686.16,111453025
2020-04-01,3682.3,3731.78,3670.97,3675.08,119352620
2020-04-02,3656.32,3734.53,3652.32,3734.53,115168210
2020-04-03,3721.48,3738.83,3698.98,3713.22,99825083
2020-04-07,3779.91,3803.63,3772.21,3798.02,142778030
2020-04-08,3776.42,3793.0,3767.29,3780.34,111389514
2020-04-09,3798.49,3801.72,3785.31,3792.81,100485033
2020-04-10,3794.84,3824.74,3758.96,3769.18,102444956
2020-04-13,3751.71,3769.88,3740.19,3753.26,79053343
2020-04-14,3777.83,3825.76,3764.98,3825.7,110637586
2020-04-15,3820.85,3829.8,3793.44,3797.36,108461985
2020-04-16,3777.8,3807.36,3774.56,3802.38,95947965
2020-04-17,3831.92,3863.45,3821.42,3839.49,132004301
2020-04-20,3845.46,3853.8,3831.55,3853.46,100013115
2020-04-21,3838.23,3838.23,3780.0,3808.05,102921889
2020-04-22,3789.13,3839.38,3782.21,3839.38,85899464
2020-04-23,3851.91,3857.47,3826.56,3829.75,95508449
2020-04-24,3826.31,3827.21,3787.07,3796.97,94844134
2020-04-27,3808.02,3842.87,3793.77,3822.77,95462735
2020-04-28,3835.35,3859.68,3768.2,3849.15,122093476
2020-04-29,3837.51,3880.74,3833.72,3867.03,95854589
2020-04-30,3880.41,3921.7,3880.41,3912.58,132917125
2020-05-06,3867.26,3937.69,3865.99,3936.25,139855675
2020-05-07,3937.59,3941.48,3915.9,3924.89,105514647
2020-05-08,3943.0,3979.66,3935.98,3963.62,116943342
2020-05-11,3974.76,3998.1,3944.5,3960.18,122673802
2020-05-12,3961.34,3970.11,3930.21,3960.24,98250555
2020-05-13,3946.64,3972.53,3932.57,3968.25,88190669
2020-05-14,3952.2,3952.2,3924.05,3925.22,88530004
2020-05-15,3941.13,3945.2,3907.4,3912.82,92618383
2020-05-18,3914.66,3946.43,3898.4,3922.91,112801761
2020-05-19,3963.78,3966.85,3944.07,3956.25,94015291
2020-05-20,3955.71,3955.71,3923.92,3935.22,100791150
2020-05-21,3950.6,3951.74,3907.58,3913.79,94861033
2020-05-22,3907.58,3907.58,3818.15,3824.06,103378360
2020-05-25,3828.32,3835.63,3800.18,3829.32,79033326
2020-05-26,3850.0,3874.75,3844.48,3872.77,77448077
2020-05-27,3873.7,3873.7,3838.42,3845.61,83711831
2020-05-28,3848.49,3885.42,3818.43,3856.63,93064054
2020-05-29,3838.38,3872.3,3830.42,3867.02,93813832
2020-06-01,3901.73,3976.32,3901.73,3971.34,136456653
2020-06-02,3969.95,3991.78,3958.98,3983.57,144303060
2020-06-03,4001.17,4018.68,3982.93,3983.65,136597484
2020-06-04,3998.16,3999.81,3968.57,3982.19,104277737
2020-06-05,3988.22,4001.25,3967.93,4001.25,102443942
2020-06-08,4023.61,4050.22,4016.1,4021.95,137925814
2020-06-09,4027.56,4052.16,4016.34,4047.03,115304479
2020-06-10,4046.23,4046.23,4024.42,4039.71,112265728
2020-06-11,4031.74,4043.01,3979.75,3995.88,127308941
2020-06-12,3931.62,4011.06,3927.25,4003.08,134166648
2020-06-15,3982.97,4007.14,3954.99,3954.99,131297861
2020-06-16,3995.58,4014.57,3987.86,4014.57,111051538
2020-06-17,4018.61,4018.61,3992.13,4017.59,105605798
2020-06-18,4009.78,4047.56,4000.9,4044.38,138148762
2020-06-19,4047.05,4109.36,4043.49,4098.71,152946990
2020-06-22,4097.51,4126.94,4088.78,4102.05,155829466
2020-06-23,4098.04,4124.73,4080.75,4121.79,129229509
2020-06-24,4128.1,4144.68,4123.36,4138.99,121712466
2020-06-29,4127.93,4137.37,4092.54,4109.72,130865853
2020-06-30,4130.0,4174.42,4129.78,4163.96,125933522
2020-07-01,4172.64,4247.78,4163.5,4247.78,169990456
2020-07-02,4239.41,4340.1,4238.12,4335.84,252939369
2020-07-03,4353.19,4419.6,4348.45,4419.6,290485540
2020-07-06,4465.81,4678.11,4465.81,4670.09,405821025
2020-07-07,4739.61,4796.32,4688.06,4698.13,406008553
2020-07-08,4692.86,4803.36,4670.65,4774.0,348074847
2020-07-09,4770.08,4854.12,4757.29,4840.77,351046894
2020-07-10,4796.09,4821.37,4734.47,4753.13,316949650
2020-07-13,4742.37,4878.08,4741.87,4852.96,321645445
2020-07-14,4836.17,4860.44,4729.93,4806.69,297241984
2020-07-15,4821.52,4837.48,4723.36,4744.47,272389007
2020-07-16,4741.53,4772.56,4513.65,4516.25,284657134
2020-07-17,4524.77,4601.37,4485.82,4544.7,207375562
2020-07-20,4597.2,4681.94,4534.23,4680.3,246068915
2020-07-21,4697.5,4714.29,4661.44,4691.04,200415660
2020-07-22,4682.66,4790.45,4675.35,4714.45,224199212
2020-07-23,4668.74,4731.4,4607.66,4712.44,234314570
2020-07-24,4679.03,4691.7,4479.39,4505.59,243905203
2020-07-27,4535.01,4558.12,4482.44,4528.45,171420552
2020-07-28,4567.67,4590.25,4537.68,4568.26,162768499
2020-07-29,4559.16,4680.56,4548.85,4679.01,186695306
2020-07-30,4689.76,4704.63,4649.77,4656.15,166967567
2020-07-31,4652.18,4741.81,4621.96,4695.05,184839027
2020-08-03,4735.9,4771.37,4720.03,4771.31,214776238
2020-08-04,4778.49,4807.08,4747.77,4775.8,239974986
2020-08-05,4761.76,4786.7,4711.27,4777.11,196700549
2020-08-06,4779.24,4791.86,4691.16,4762.76,227854405
2020-08-07,4742.29,4749.02,4637.84,4707.93,213518216
2020-08-10,4681.76,4757.66,4646.29,4724.87,203788833
2020-08-11,4730.37,4791.53,4674.86,4681.78,205546511
2020-08-12,4668.89,4681.62,4566.27,4647.64,202887240
2020-08-13,4666.49,4671.77,4626.1,4635.71,152550093
2020-08-14,4627.61,4708.07,4617.63,4704.63,147292920
2020-08-17,4727.12,4838.09,4721.36,4815.23,268001556
2020-08-18,4816.57,4825.39,4788.83,4812.76,189139855
2020-08-19,4804.67,4809.05,4738.01,4740.68,192442949
2020-08-20,4708.13,4721.44,4662.8,4679.15,158368640
2020-08-21,4717.79,4739.48,4684.81,4718.84,142657864
2020-08-24,4746.4,4769.47,4716.61,4755.85,151143511
2020-08-25,4769.21,4802.41,4746.31,4761.95,141701350
2020-08-26,4761.72,4786.42,4689.88,4706.13,151305180
2020-08-27,4718.06,4731.94,4679.36,4731.35,119042849
2020-08-28,4727.29,4850.49,4719.35,4844.27,159399764
2020-08-31,4870.93,4901.21,4816.21,4816.22,202567030
2020-09-01,4803.39,4842.14,4791.78,4842.12,138395402
2020-09-02,4859.08,4863.55,4797.52,4843.89,157989524
2020-09-03,4841.5,4877.01,4800.06,4817.1,145671201
2020-09-04,4737.24,4778.2,4726.56,4770.22,120032796
2020-09-07,4759.52,4789.3,4655.56,4669.37,148607790
2020-09-08,4683.83,4707.9,4639.05,4694.39,139199227
2020-09-09,4634.25,4645.2,4558.03,4584.59,162277107
2020-09-10,4632.1,4647.75,4572.21,4581.98,150652879
2020-09-11,4572.26,4630.88,4563.11,4627.28,115302423
2020-09-14,4652.05,4666.99,4625.99,4651.05,107235180
2020-09-15,4649.45,4691.5,4630.54,4688.48,101915924
2020-09-16,4683.01,4690.68,4638.46,4657.36,108753641
2020-09-17,4642.05,4664.95,4601.64,4632.71,105983631
2020-09-18,4636.64,4737.8,4631.7,4737.09,160426476
2020-09-21,4750.75,4752.98,4688.72,4691.43,124535826
2020-09-22,4654.22,4706.21,4622.11,4635.76,119672947
2020-09-23,4639.66,4665.96,4623.55,4652.33,95826529
2020-09-24,4623.95,4631.95,4562.21,4563.07,112593682
2020-09-25,4582.48,4599.54,4554.72,4570.02,93015155
2020-09-28,4582.65,4613.63,4571.15,4581.91,85048389
2020-09-29,4608.29,4616.68,4586.35,4591.8,85993859
2020-09-30,4607.58,4634.72,4563.41,4587.4,89081201
2020-10-09,4663.61,4695.4,4655.09,4681.14,111337513
2020-10-12,4705.19,4823.27,4704.16,4823.16,155784558
2020-10-13,4812.9,4845.92,4795.37,4839.2,116516339
2020-10-14,4830.46,4830.46,4795.91,4807.1,111906924
2020-10-15,4810.78,4833.89,4796.26,4798.74,109964961
2020-10-16,4798.92,4825.55,4765.97,4791.68,116716101
2020-10-19,4823.49,4849.61,4747.34,4755.49,129246362
2020-10-20,4751.37,4793.47,4739.46,4793.47,98048156
2020-10-21,4801.63,4801.63,4758.86,4792.83,103805704
2020-10-22,4780.6,4791.81,4725.5,4777.98,101350892
2020-10-23,4775.47,4802.46,4717.1,4718.49,106825185
2020-10-26,4684.05,4713.39,4639.3,4691.24,108343276
2020-10-27,4680.14,4708.46,4671.85,4699.28,92656305
2020-10-28,4703.0,4753.31,4685.6,4737.27,108463401
2020-10-29,4683.61,4803.03,4679.25,4772.92,117117251
2020-10-30,4776.47,4778.51,4683.47,4695.33,139802304
2020-11-02,4702.75,4738.02,4695.44,4720.83,142867694
2020-11-03,4743.17,4793.4,4734.17,4777.56,136055409
2020-11-04,4781.45,4825.46,4770.56,4813.66,114661806
2020-11-05,4861.34,4885.11,4838.0,4885.11,139244595
2020-11-06,4897.63,4897.63,4845.43,4885.72,153639035
2020-11-09,4918.86,4997.8,4918.86,4981.35,197131983
2020-11-10,4995.41,4995.41,4928.93,4953.88,176267215
2020-11-11,4937.76,4957.58,4901.71,4904.9,164470515
2020-11-12,4916.77,4926.34,4891.51,4908.46,118114619
2020-11-13,4886.98,4886.98,4825.76,4856.85,133693079
2020-11-16,4880.96,4904.17,4848.62,4904.17,148770980
2020-11-17,4903.12,4909.29,4865.39,4894.79,151487465
2020-11-18,4889.67,4911.09,4870.72,4891.67,164216617
2020-11-19,4880.92,4939.79,4870.2,4927.99,133681377
2020-11-20,4928.22,4947.43,4922.59,4943.29,129400340
2020-11-23,4954.6,5029.65,4940.45,5005.03,205915187
2020-11-24,4997.05,5001.06,4960.98,4974.29,156637911
2020-11-25,4992.75,5004.77,4910.7,4910.7,170340526
2020-11-26,4908.32,4925.29,4867.82,4919.59,137202337
2020-11-27,4930.59,4980.77,4917.35,4980.77,162952922
2020-11-30,4994.11,5055.19,4960.25,4960.25,262638950
2020-12-01,4963.13,5072.55,4963.13,5067.1,204065638
2020-12-02,5072.98,5090.61,5043.31,5067.14,195435476
2020-12-03,5065.45,5072.3,5033.79,5057.06,177865748
2020-12-04,5049.52,5072.39,5017.85,5065.92,144347167
2020-12-07,5065.73,5067.87,5014.61,5022.24,139896218
2020-12-08,5029.11,5043.06,4998.92,5009.88,123073029
2020-12-09,5022.38,5033.64,4942.52,4942.7,138916964
2020-12-10,4931.29,4962.74,4919.77,4940.52,125914271
2020-12-11,4957.82,4957.82,4849.35,4889.63,159357696
2020-12-14,4903.63,4937.26,4887.66,4934.84,120801551
2020-12-15,4931.6,4954.19,4904.79,4945.1,118342633
2020-12-16,4957.3,4968.86,4938.19,4953.87,106778967
2020-12-17,4960.73,5021.62,4950.37,5017.48,133385480
2020-12-18,5014.32,5027.44,4979.01,4999.97,128049618
2020-12-21,4995.76,5048.51,4970.0,5046.84,140811781
2020-12-22,5034.98,5055.13,4960.95,4964.77,162344970
2020-12-23,4977.3,5028.45,4968.15,5007.12,140292818
2020-12-24,5006.01,5033.04,4979.24,5000.02,114418668
2020-12-25,4985.77,5042.1,4973.68,5042.01,121006979
2020-12-28,5042.94,5089.34,5037.86,5064.41,136914406
2020-12-29,5071.45,5077.42,5034.31,5042.94,141198661
2020-12-30,5037.98,5113.71,5036.63,5113.71,148626447
2020-12-31,5122.48,5215.62,5122.48,5211.29,171602509
2021-01-04,5212.93,5284.43,5190.94,5267.72,211711383
2021-01-05,5245.84,5368.5,5234.38,5368.5,224931159
2021-01-06,5386.51,5433.47,5341.43,5417.67,193773445
2021-01-07,5428.39,5513.66,5413.35,5513.66,219872079
2021-01-08,5526.29,5547.47,5442.69,5495.43,204324956
2021-01-11,5504.24,5555.69,5412.5,5441.16,231835983
2021-01-12,5419.5,5596.35,5417.63,5596.35,224220186
2021-01-13,5609.26,5644.72,5535.14,5577.97,261569887
2021-01-14,5556.21,5568.02,5458.68,5470.46,243683379
2021-01-15,5471.39,5500.63,5390.27,5458.08,238637435
2021-01-18,5438.16,5541.46,5410.78,5518.52,207051868
2021-01-19,5525.97,5532.48,5415.72,5437.52,211043425
2021-01-20,5439.91,5496.05,5426.54,5476.43,170913260
2021-01-21,5492.96,5593.11,5490.56,5564.97,209950198
2021-01-22,5562.38,5573.66,5513.88,5569.78,199300019
2021-01-25,5564.12,5655.48,5543.27,5625.92,197047020
2021-01-26,5600.9,5600.9,5506.0,5512.97,171904591
2021-01-27,5505.77,5534.99,5449.64,5528.0,160190840
2021-01-28,5450.37,5462.24,5360.38,5377.14,170485586
2021-01-29,5413.97,5430.2,5288.1,5351.96,182178785
2021-02-01,5356.85,5422.3,5342.05,5417.65,166313705
2021-02-02,5429.7,5503.21,5411.52,5501.09,165210565
2021-02-03,5499.3,5532.89,5473.12,5485.2,188054318
2021-02-04,5453.98,5510.05,5411.57,5473.95,180575654
2021-02-05,5494.7,5550.77,5477.65,5483.41,189699599
2021-02-08,5506.14,5576.49,5479.85,5564.56,164033774
2021-02-09,5584.17,5686.25,5555.05,5686.25,164887260
2021-02-10,5709.68,5823.42,5707.33,5807.72,170169787
2021-02-18,5922.07,5930.91,5747.66,5768.38,218848686
2021-02-19,5734.02,5787.89,5667.32,5778.84,214475781
2021-02-22,5785.51,5785.51,5597.33,5597.33,282124383
2021-02-23,5542.68,5644.76,5541.11,5579.67,233807726
2021-02-24,5591.48,5598.83,5379.73,5437.57,225428611
2021-02-25,5494.47,5527.63,5444.16,5469.56,230736028
2021-02-26,5343.9,5416.32,5318.86,5336.76,212264543
2021-03-01,5389.25,5421.56,5345.94,5418.78,177463524
2021-03-02,5453.28,5454.97,5305.05,5349.63,196511114
2021-03-03,5327.35,5452.4,5316.48,5452.21,194709053
2021-03-04,5388.48,5392.37,5254.78,5280.71,212775212
2021-03-05,5191.97,5307.82,5174.25,5262.8,202627955
2021-03-08,5299.79,5326.26,5079.8,5080.02,230231634
2021-03-09,5066.15,5094.31,4917.91,4971.0,230711004
2021-03-10,5047.06,5055.28,4981.62,5003.61,169928489
2021-03-11,5024.56,5138.41,5020.58,5128.22,189600765
2021-03-12,5153.67,5153.67,5086.82,5146.38,201020590
2021-03-15,5116.12,5120.88,4992.4,5035.54,204153083
2021-03-16,5054.41,5084.31,5009.95,5079.36,161390054
2021-03-17,5062.77,5123.55,5020.13,5100.86,149162376
2021-03-18,5114.59,5160.46,5111.13,5141.77,142901519
2021-03-19,5068.53,5089.92,4980.76,5007.09,164174848
2021-03-22,5008.4,5071.34,4996.54,5057.15,167402632
2021-03-23,5057.06,5064.02,4966.53,5009.25,158013967
2021-03-24,4985.4,5024.33,4919.89,4928.69,159385981
2021-03-25,4904.07,4950.76,4883.66,4926.35,132945188
2021-03-26,4953.95,5050.83,4953.95,5037.99,145926697
2021-03-29,5052.26,5086.65,5010.39,5046.88,143388216
2021-03-30,5043.1,5106.04,5032.8,5094.73,138618560
2021-03-31,5085.95,5085.95,5015.61,5048.36,141335744
2021-04-01,5059.94,5115.43,5056.87,5110.78,120324890
2021-04-02,5129.85,5169.83,5116.35,5161.56,127002255
2021-04-06,5178.64,5181.15,5125.33,5140.34,109834209
2021-04-07,5141.66,5141.66,5065.19,5103.74,145763748
2021-04-08,5078.26,5129.13,5062.07,5112.21,141771046
2021-04-09,5100.04,5100.04,5022.09,5035.34,128416509
2021-04-12,5026.98,5045.6,4933.01,4947.75,152644314
2021-04-13,4949.81,4994.54,4924.2,4939.64,132919357
2021-04-14,4945.69,4987.12,4940.27,4980.63,120860838
2021-04-15,4969.91,4969.91,4900.3,4948.97,108829384
2021-04-16,4966.9,4979.17,4917.96,4966.18,111239923
2021-04-19,4966.41,5088.21,4940.75,5087.02,154769825
2021-04-20,5065.78,5119.86,5058.92,5083.37,136541701
2021-04-21,5055.24,5110.56,5047.99,5098.74,124637276
2021-04-22,5114.28,5119.22,5067.14,5089.24,121167644
2021-04-23,5088.83,5149.98,5086.49,5135.45,122056991
2021-04-26,5156.59,5181.11,5072.96,5077.24,151381967
2021-04-27,5076.64,5095.98,5042.61,5090.52,123961838
2021-04-28,5073.97,5119.45,5059.26,5119.24,120620319
2021-04-29,5128.28,5170.59,5113.65,5164.17,140092480
2021-04-30,5156.36,5163.25,5094.93,5123.49,160121620
2021-05-06,5098.8,5132.9,5037.41,5061.12,158822630
2021-05-07,5073.46,5093.75,4996.04,4996.05,172258322
2021-05-10,5001.44,5019.39,4953.7,4992.42,170820585
2021-05-11,4956.08,5033.49,4925.92,5023.06,151526497
2021-05-12,5003.82,5051.17,4995.4,5044.55,126619087
2021-05-13,4992.35,5022.08,4975.45,4992.97,132279406
2021-05-14,5007.63,5112.98,4981.29,5110.59,159426181
2021-05-17,5115.31,5206.69,5115.31,5184.99,153889633
2021-05-18,5190.93,5201.67,5156.79,5187.6,118404260
2021-05-19,5173.17,5193.56,5151.64,5172.27,118729984
2021-05-20,5167.05,5201.59,5152.04,5186.41,138454776
2021-05-21,5199.13,5216.16,5123.12,5134.15,124768484
2021-05-24,5138.81,5155.59,5092.39,5155.59,126742336
2021-05-25,5165.04,5324.36,5161.52,5318.48,182996838
2021-05-26,5326.12,5344.28,5308.74,5320.59,169607096
2021-05-27,5311.37,5378.48,5286.05,5338.23,148462856
2021-05-28,5338.73,5360.28,5288.65,5321.09,164605806
2021-05-31,5318.08,5331.63,5281.69,5331.57,144603269
2021-06-01,5320.47,5343.75,5269.26,5341.68,143831475
2021-06-02,5348.34,5352.64,5266.79,5289.97,137754319
2021-06-03,5285.71,5314.37,5255.07,5255.29,141968878
2021-06-04,5228.28,5334.49,5221.23,5282.28,144732088
2021-06-07,5284.89,5286.84,5242.95,5277.63,127704970
2021-06-08,5276.97,5319.04,5201.14,5232.12,130559532
2021-06-09,5224.95,5253.36,5215.35,5236.45,121820321
2021-06-10,5236.47,5299.53,5229.52,5271.47,138991967
2021-06-11,5275.75,5276.1,5213.6,5224.7,180807173
2021-06-15,5218.56,5225.5,5137.41,5166.56,142880059
2021-06-16,5163.25,5164.52,5076.02,5080.49,125147986
2021-06-17,5074.38,5123.37,5073.82,5101.89,120452518
2021-06-18,5104.93,5128.03,5064.92,5102.47,148585805
2021-06-21,5088.09,5123.78,5058.57,5090.39,132184517
2021-06-22,5106.07,5125.82,5086.28,5122.16,130416753
2021-06-23,5127.19,5171.03,5109.76,5147.39,136356058
2021-06-24,5156.56,5160.43,5120.58,5155.97,126685624
2021-06-25,5159.8,5251.61,5157.48,5239.97,154931062
2021-06-28,5253.61,5260.64,5226.22,5251.76,133193784
2021-06-29,5248.52,5248.52,5182.68,5190.54,125162998
2021-06-30,5189.38,5231.43,5186.63,5224.04,103752671
2021-07-01,5241.2,5252.26,5190.88,5229.66,127240620
2021-07-02,5186.66,5186.66,5074.36,5081.12,130426424
2021-07-05,5073.78,5098.23,5048.0,5085.79,131211589
2021-07-06,5089.78,5092.21,5028.51,5083.1,140655219
2021-07-07,5052.42,5152.77,5045.41,5140.49,148549061
2021-07-08,5149.31,5151.22,5078.93,5088.26,173901007
2021-07-09,5063.15,5081.41,5006.41,5069.44,160653225
2021-07-12,5108.38,5159.41,5070.32,5132.71,206212040
2021-07-13,5128.61,5154.05,5114.94,5142.1,166482209
2021-07-14,5130.75,5130.75,5075.13,5083.08,188352719
2021-07-15,5073.26,5153.81,5067.68,5151.46,181077102
2021-07-16,5140.9,5140.9,5090.63,5094.77,169955983
2021-07-19,5083.73,5120.82,5047.62,5113.49,153199588
2021-07-20,5080.22,5114.0,5067.86,5108.99,129300045
2021-07-21,5122.78,5160.54,5122.3,5144.04,167976468
2021-07-22,5150.39,5171.21,5137.88,5151.75,185556864
2021-07-23,5145.43,5145.43,5080.0,5089.23,216536847
2021-07-26,5067.31,5067.31,4859.6,4925.3,228111711
2021-07-27,4924.28,4940.86,4749.03,4751.31,236631224
2021-07-28,4714.29,4785.66,4663.9,4760.48,192634394
2021-07-29,4845.76,4857.97,4800.01,4850.27,173322053
2021-07-30,4825.7,4825.7,4761.04,4811.17,182349775
2021-08-02,4794.82,4938.82,4761.46,4933.74,227194918
2021-08-03,4909.23,4957.03,4890.85,4934.46,203533361
2021-08-04,4927.74,4979.29,4919.66,4978.85,175466460
2021-08-05,4946.17,4997.14,4921.94,4948.67,167381829
2021-08-06,4943.04,4944.35,4891.8,4921.56,154179689
2021-08-09,4890.26,5002.89,4884.04,4985.56,182436872
2021-08-10,4977.82,5043.76,4941.24,5043.15,167051901
2021-08-11,5037.08,5059.79,5009.98,5015.34,182266074
2021-08-12,4998.07,5016.26,4962.99,4973.35,168223734
2021-08-13,4958.76,4993.74,4921.28,4945.98,158314322
2021-08-16,4935.92,4973.38,4931.37,4941.07,161953372
2021-08-17,4935.0,4967.56,4823.39,4837.4,187573473
2021-08-18,4838.47,4909.54,4818.9,4894.24,197474378
2021-08-19,4886.56,4893.47,4839.57,4862.14,201711718
2021-08-20,4817.49,4835.15,4720.83,4769.27,177635809
2021-08-23,4777.73,4843.82,4764.01,4835.88,167579092
2021-08-24,4844.59,4906.2,4842.75,4888.39,197883164
2021-08-25,4890.52,4899.77,4865.76,4898.16,189448015
2021-08-26,4892.2,4892.2,4798.7,4801.61,197617388
2021-08-27,4794.97,4863.47,4793.59,4827.04,183310211
2021-08-30,4847.03,4849.16,4787.2,4813.27,219635758
2021-08-31,4803.09,4821.76,4740.75,4805.61,235118659
2021-09-01,4804.69,4906.4,4763.3,4869.46,326721080
2021-09-02,4865.82,4892.7,4845.62,4869.41,267858012
2021-09-03,4875.07,4886.55,4828.7,4843.06,268091896
2021-09-06,4841.06,4944.45,4837.79,4933.73,240507246
2021-09-07,4932.98,5005.96,4915.61,4992.83,244178519
2021-09-08,4986.8,5013.98,4955.89,4972.13,264615314
2021-09-09,4952.49,4970.15,4929.95,4970.01,256530217
2021-09-10,4967.98,5042.8,4962.37,5013.52,288304353
2021-09-13,5006.77,5029.72,4964.96,4991.66,249915297
2021-09-14,4989.83,5000.98,4907.32,4917.16,245590403
2021-09-15,4903.85,4903.85,4843.12,4867.32,187984730
2021-09-16,4866.79,4879.53,4806.14,4807.7,216752100
2021-09-17,4797.11,4857.96,4786.09,4855.94,201958126
2021-09-22,4770.73,4830.85,4765.23,4821.77,191220375
2021-09-23,4848.22,4877.34,4837.56,4853.2,228151063
2021-09-24,4845.64,4897.06,4838.54,4849.43,207693289
2021-09-27,4870.85,4922.56,4852.2,4877.37,215967030
2021-09-28,4869.08,4901.31,4846.63,4883.83,176890880
2021-09-29,4846.02,4868.07,4799.88,4833.93,188171366
2021-09-30,4843.95,4876.07,4843.95,4866.38,146113897
2021-10-08,4915.73,4937.09,4891.62,4929.94,168968077
2021-10-11,4941.29,4983.73,4930.71,4936.19,163511624
2021-10-12,4920.66,4925.49,4840.77,4883.84,168079337
2021-10-13,4880.14,4953.37,4869.83,4940.11,131142812
2021-10-14,4934.26,4953.92,4903.25,4913.61,119557012
2021-10-15,4896.56,4939.82,4881.01,4932.11,142822001
2021-10-18,4922.51,4922.51,4844.94,4874.78,141245199
2021-10-19,4869.39,4928.14,4868.81,4922.72,135266493
2021-10-20,4926.77,4944.02,4898.37,4910.18,141533184
2021-10-21,4914.74,4946.18,4893.85,4928.02,148898153
2021-10-22,4934.87,4989.89,4934.87,4959.73,143926228
2021-10-25,4940.9,4981.65,4930.11,4979.52,141861491
2021-10-26,4983.24,5002.57,4953.48,4963.1,140888942
2021-10-27,4949.23,4949.23,4884.94,4898.16,147111593
2021-10-28,4882.59,4898.66,4846.28,4864.14,156649472
2021-10-29,4861.27,4908.77,4855.76,4908.77,159887352
2021-11-01,4878.13,4908.21,4858.25,4890.69,171583974
2021-11-02,4886.18,4911.23,4797.9,4839.85,185437688
2021-11-03,4835.81,4858.71,4804.37,4821.11,142763820
2021-11-04,4841.09,4873.94,4834.74,4868.74,132592970
2021-11-05,4858.9,4889.68,4841.74,4842.35,147789358
2021-11-08,4841.15,4866.08,4827.69,4848.18,137398264
2021-11-09,4858.25,4870.79,4818.54,4846.74,118375526
2021-11-10,4832.8,4832.8,4754.0,4821.19,135118180
2021-11-11,4814.77,4898.65,4809.11,4898.65,160484864
2021-11-12,4902.93,4909.08,4875.35,4888.37,132662968
2021-11-15,4894.41,4906.33,4863.4,4882.38,121823150
2021-11-16,4880.9,4915.37,4876.5,4883.32,127254405
2021-11-17,4883.25,4891.52,4864.52,4885.75,108459223
2021-11-18,4871.42,4871.42,4830.41,4837.62,114480566
2021-11-19,4832.06,4892.81,4829.57,4890.06,127198313
2021-11-22,4895.39,4919.0,4893.27,4912.4,138092836
2021-11-23,4905.76,4927.52,4896.88,4913.35,154304412
2021-11-24,4914.03,4935.49,4899.61,4916.66,137150674
2021-11-25,4917.61,4921.33,4891.73,4896.44,115984031
2021-11-26,4886.95,4886.95,4850.81,4860.13,120368975
2021-11-29,4820.01,4858.53,4818.71,4851.42,133626862
2021-11-30,4857.18,4871.25,4810.22,4832.03,129630597
2021-12-01,4831.89,4844.52,4823.93,4843.85,123086789
2021-12-02,4839.91,4866.85,4830.32,4856.16,148088522
2021-12-03,4856.98,4901.02,4853.35,4901.02,144059625
2021-12-06,4909.43,4943.9,4888.69,4892.62,173615683
2021-12-07,4930.83,4934.1,4895.22,4922.1,179053460
2021-12-08,4934.41,4995.93,4915.79,4995.93,157490560
2021-12-09,5000.69,5114.5,4999.41,5078.69,220568776
2021-12-10,5046.27,5060.06,5035.81,5055.12,193695155
2021-12-13,5090.02,5143.84,5079.73,5083.8,211801595
2021-12-14,5066.35,5075.21,5038.86,5049.7,159107791
2021-12-15,5036.28,5060.37,5003.78,5005.9,150529751
2021-12-16,5006.61,5034.73,4987.22,5034.73,144053868
2021-12-17,5021.34,5022.11,4954.76,4954.76,149005399
2021-12-20,4934.97,4971.67,4872.68,4880.42,169675689
2021-12-21,4876.51,4917.8,4872.95,4913.49,143339899
2021-12-22,4924.58,4936.67,4903.17,4914.45,133256740
2021-12-23,4924.29,4948.74,4906.75,4948.74,139555407
2021-12-24,4953.06,4964.91,4905.98,4921.34,142673324
2021-12-27,4918.15,4939.69,4894.16,4919.32,124100951
2021-12-28,4923.69,4959.14,4913.6,4955.96,130457756
2021-12-29,4958.65,4958.65,4883.48,4883.48,113587003
2021-12-30,4882.16,4940.18,4878.65,4921.51,121617178
2021-12-31,4937.46,4950.36,4923.14,4940.37,121313738
2022-01-04,4957.98,4961.45,4874.53,4917.77,151534776
2022-01-05,4907.93,4916.28,4851.98,4868.12,178816100
2022-01-06,4842.16,4857.56,4786.43,4818.23,157665825
2022-01-07,4824.32,4856.65,4818.19,4822.37,187139412
2022-01-10,4812.23,4844.39,4780.82,4844.05,156211697
2022-01-11,4840.01,4850.88,4791.89,4797.77,146928005
2022-01-12,4818.89,4852.73,4810.92,4845.58,143200205
2022-01-13,4853.03,4853.06,4765.24,4765.92,142519652
2022-01-14,4743.91,4764.05,4723.94,4726.73,146863127
2022-01-17,4728.76,4775.24,4726.71,4767.28,115295690
2022-01-18,4766.78,4826.3,4747.92,4813.35,150870802
2022-01-19,4815.81,4828.75,4755.93,4780.38,133927360
2022-01-20,4778.26,4845.0,4777.57,4823.51,164971315
2022-01-21,4808.77,4818.31,4762.56,4779.31,138952586
2022-01-24,4753.94,4801.1,4746.45,4786.74,114463880
2022-01-25,4761.95,4781.39,4678.25,4678.45,133667587
2022-01-26,4697.1,4718.99,4648.13,4712.31,107070843
2022-01-27,4708.1,4708.44,4616.03,4619.88,121263803
2022-01-28,4641.81,4660.52,4559.83,4563.77,126480113
2022-02-07,4638.58,4672.65,4615.01,4634.09,144849720
2022-02-08,4626.44,4626.44,4522.47,4608.77,155830707
2022-02-09,4608.15,4659.46,4595.28,4652.06,148335547
2022-02-10,4657.21,4657.21,4608.09,4639.86,151576666
2022-02-11,4617.87,4662.6,4595.88,4601.4,155974584
2022-02-14,4579.42,4593.63,4530.06,4551.69,143673894
2022-02-15,4553.81,4601.45,4550.54,4600.1,115025600
2022-02-16,4619.85,4643.1,4607.22,4617.99,107258954
2022-02-17,4616.9,4650.16,4606.95,4629.16,110014643
2022-02-18,4604.57,4651.34,4598.1,4651.24,104550228
2022-02-21,4646.05,4646.67,4613.3,4634.31,112516513
2022-02-22,4601.92,4602.07,4550.8,4574.15,123317238
2022-02-23,4582.01,4625.3,4579.29,4623.05,122952916
2022-02-24,4592.07,4610.88,4488.48,4529.32,184403059
2022-02-25,4564.63,4611.86,4561.9,4573.42,149722583
2022-02-28,4563.74,4581.65,4530.68,4581.65,135406979
2022-03-01,4597.86,4623.43,4583.92,4619.69,123139220
2022-03-02,4594.02,4594.02,4558.44,4578.6,113298324
2022-03-03,4595.02,4599.4,4544.43,4551.63,138285878
2022-03-04,4513.36,4539.39,4481.49,4496.43,127266806
2022-03-07,4462.52,4462.52,4338.3,4352.78,162197706
2022-03-08,4361.64,4383.65,4252.54,4265.39,167863278
2022-03-09,4280.98,4304.48,4068.19,4226.35,194232901
2022-03-10,4326.2,4335.67,4288.51,4292.84,145266383
2022-03-11,4231.2,4316.04,4176.45,4306.52,152399921
2022-03-14,4248.15,4280.36,4174.76,4174.76,130187236
2022-03-15,4125.49,4163.42,3983.81,3983.81,202524700
2022-03-16,4053.1,4168.59,3942.86,4156.08,196021983
2022-03-17,4237.67,4302.74,4217.8,4237.7,179407345
2022-03-18,4218.47,4283.37,4194.94,4265.9,149458304
2022-03-21,4280.14,4287.82,4223.02,4258.75,127036360
2022-03-22,4252.57,4283.33,4236.69,4255.3,126382469
2022-03-23,4269.61,4287.58,4241.96,4276.52,117089078
2022-03-24,4249.53,4273.96,4216.85,4251.31,108918272
2022-03-25,4249.07,4254.84,4173.93,4174.57,108808046
2022-03-28,4128.84,4174.12,4091.3,4148.47,118449021
2022-03-29,4155.42,4177.21,4124.72,4134.14,100266972
2022-03-30,4162.17,4254.1,4160.74,4254.1,138346025
2022-03-31,4234.72,4247.36,4214.54,4222.6,134029184
2022-04-01,4198.82,4290.67,4190.08,4276.16,133803054
2022-04-06,4258.83,4277.52,4236.73,4263.84,159062195
2022-04-07,4240.02,4278.11,4205.74,4209.1,134880353
2022-04-08,4213.21,4237.81,4175.53,4230.77,142843794
2022-04-11,4203.79,4203.79,4089.09,4100.07,148197071
2022-04-12,4102.97,4179.97,4075.8,4179.97,144285683
2022-04-13,4154.41,4194.04,4139.74,4139.74,125097490
2022-04-14,4172.64,4217.06,4155.55,4191.57,124791316
2022-04-15,4162.37,4211.32,4152.97,4188.75,124762263
2022-04-18,4152.93,4171.74,4119.99,4166.38,117504609
2022-04-19,4161.93,4186.94,4115.42,4134.9,110217472
2022-04-20,4130.54,4136.17,4060.5,4070.79,117331658
2022-04-21,4048.73,4086.44,3978.37,3995.83,132783828
2022-04-22,3967.2,4037.08,3953.72,4013.25,122101811
2022-04-25,3933.45,3958.21,3814.91,3814.91,168364503
2022-04-26,3822.49,3871.85,3773.9,3784.12,157577610
2022-04-27,3758.08,3895.73,3757.09,3895.54,172734047
2022-04-28,3883.42,3943.43,3873.58,3921.11,153056586
2022-04-29,3939.62,4017.43,3898.57,4016.24,179458378
2022-05-05,3995.35,4039.7,3988.93,4010.21,154170716
2022-05-06,3928.85,3947.24,3902.05,3908.82,123005550
2022-05-09,3883.95,3914.11,3854.94,3877.44,92936694
2022-05-10,3820.63,3932.68,3808.57,3919.87,136416919
2022-05-11,3917.93,4033.3,3916.52,3976.42,165632256
2022-05-12,3949.95,3985.93,3935.59,3958.74,113376067
2022-05-13,3983.82,4003.85,3957.14,3988.6,109968356
2022-05-16,4015.0,4018.03,3947.75,3956.54,112425295
2022-05-17,3961.76,4005.89,3955.1,4005.89,109661455
2022-05-18,4015.01,4017.34,3964.75,3991.91,108074232
2022-05-19,3938.3,3999.6,3933.75,3999.6,116293420
2022-05-20,4020.82,4077.6,4020.82,4077.6,147069174
2022-05-23,4080.97,4080.97,4029.08,4053.98,130477811
2022-05-24,4052.87,4055.78,3959.15,3959.15,145554337
2022-05-25,3959.77,3983.62,3946.81,3983.18,107734016
2022-05-26,3987.68,4015.75,3938.24,3993.04,126263690
2022-05-27,4022.71,4051.14,3983.38,4001.3,112769336
2022-05-30,4020.86,4040.82,4003.38,4029.02,111152241
2022-05-31,4031.76,4096.2,4020.38,4091.52,135415514
2022-06-01,4086.62,4094.9,4058.85,4083.18,114850880
2022-06-02,4064.0,4091.15,4057.91,4089.57,113893637
2022-06-06,4090.53,4166.62,4063.91,4166.09,167871012
2022-06-07,4165.69,4198.09,4155.17,4179.13,142992881
2022-06-08,4187.15,4224.81,4158.03,4219.81,157374057
2022-06-09,4211.72,4227.45,4160.88,4175.67,168449155
2022-06-10,4145.65,4241.35,4140.22,4238.99,184796214
2022-06-13,4194.46,4218.23,4156.71,4189.35,168475622
2022-06-14,4143.22,4224.09,4102.93,4222.31,171385905
2022-06-15,4228.29,4348.42,4228.29,4278.22,257046589
2022-06-16,4282.08,4302.92,4241.08,4250.06,184074417
2022-06-17,4219.23,4318.77,4218.68,4309.04,158649098
2022-06-20,4322.83,4368.36,4297.89,4330.43,165666383
2022-06-21,4327.92,4357.34,4287.14,4325.57,164667615
2022-06-22,4331.9,4333.18,4269.25,4270.62,158565855
2022-06-23,4277.96,4343.88,4260.9,4343.88,170882360
2022-06-24,4354.55,4400.69,4346.12,4394.77,168972198
2022-06-27,4414.33,4472.69,4414.33,4444.26,177385677
2022-06-28,4442.58,4497.89,4407.35,4490.52,174756490
2022-06-29,4472.73,4503.13,4414.0,4421.36,187276687
2022-06-30,4418.07,4515.0,4418.07,4485.01,156666289
2022-07-01,4489.52,4500.99,4449.29,4466.72,144779599
2022-07-04,4447.22,4496.03,4427.82,4496.03,146345651
2022-07-05,4505.46,4530.32,4439.45,4489.54,154962414
2022-07-06,4475.48,4484.36,4393.42,4423.97,149800236
2022-07-07,4425.28,4457.34,4391.19,4443.47,132660905
2022-07-08,4468.06,4479.49,4426.89,4428.78,123195740
2022-07-11,4406.15,4406.15,4330.58,4354.62,134448579
2022-07-12,4352.65,4370.34,4296.62,4313.62,130187838
2022-07-13,4313.36,4341.47,4284.94,4321.46,131113179
2022-07-14,4308.82,4352.1,4292.76,4322.07,145250926
2022-07-15,4299.47,4344.86,4248.53,4248.53,150214453
2022-07-18,4262.15,4300.78,4217.51,4292.59,122601192
2022-07-19,4288.44,4288.44,4238.82,4269.34,103805730
2022-07-20,4291.28,4303.37,4269.97,4283.8,94490144
2022-07-21,4270.36,4283.15,4236.05,4236.06,117156344
2022-07-22,4251.79,4275.47,4207.31,4238.23,103840624
2022-07-25,4233.93,4234.84,4201.92,4212.64,83636664
2022-07-26,4220.09,4259.99,4214.53,4245.98,85823274
2022-07-27,4236.15,4242.1,4217.28,4225.04,78904940
2022-07-28,4242.27,4267.92,4223.03,4225.67,107531930
2022-07-29,4226.42,4243.51,4160.87,4170.1,114179286
2022-08-01,4160.65,4196.57,4129.45,4188.68,107749029
2022-08-02,4144.38,4144.38,4071.43,4107.02,142224425
2022-08-03,4114.83,4150.98,4058.18,4066.98,116666124
2022-08-04,4089.44,4108.16,4064.66,4101.54,89532644
2022-08-05,4109.63,4159.49,4097.86,4156.91,102571004
2022-08-08,4142.11,4155.73,4135.08,4148.07,90208138
2022-08-09,4143.67,4161.81,4131.43,4156.29,84136959
2022-08-10,4149.21,4160.79,4092.55,4109.74,85565839
2022-08-11,4130.74,4193.81,4116.06,4193.54,121385051
2022-08-12,4185.42,4202.47,4175.05,4191.15,106808295
2022-08-15,4180.0,4219.92,4174.3,4185.68,105898495
2022-08-16,4190.53,4208.8,4170.52,4177.84,93906139
2022-08-17,4182.57,4222.79,4155.17,4216.96,112864659
2022-08-18,4205.79,4211.91,4173.54,4180.1,101052650
2022-08-19,4174.55,4185.66,4151.07,4151.07,117402978
2022-08-22,4135.16,4183.65,4134.2,4181.4,112442720
2022-08-23,4175.53,4187.39,4147.41,4161.08,103153512
2022-08-24,4168.58,4174.16,4079.09,4082.42,119069679
2022-08-25,4093.29,4119.62,4058.75,4116.24,111320745
2022-08-26,4127.81,4139.79,4102.68,4107.55,99000493
2022-08-29,4063.88,4092.95,4059.6,4089.52,94354432
2022-08-30,4088.53,4093.14,4048.52,4075.79,93301662
2022-08-31,4057.14,4112.85,4046.62,4078.84,132449765
2022-09-01,4066.19,4090.89,4041.13,4043.74,97387071
2022-09-02,4054.84,4056.18,4004.91,4023.61,86789278
2022-09-05,4010.41,4017.0,3982.74,4015.43,93767109
2022-09-06,4024.47,4054.0,4009.58,4052.28,113506265
2022-09-07,4032.72,4067.54,4028.37,4054.98,107678059
2022-09-08,4059.17,4067.76,4036.02,4037.68,100886049
2022-09-09,4050.59,4099.01,4042.25,4093.79,118427114
2022-09-13,4112.01,4128.11,4097.14,4111.11,111789737
2022-09-14,4058.04,4089.06,4047.92,4065.36,90793681
2022-09-15,4078.65,4088.81,3998.86,4027.12,123951196
2022-09-16,4013.58,4019.41,3932.68,3932.68,137193655
2022-09-19,3928.42,3953.65,3910.31,3928.0,97719575
2022-09-20,3945.65,3957.55,3921.69,3932.84,84824134
2022-09-21,3921.32,3924.39,3884.23,3903.73,86458391
2022-09-22,3875.18,3900.27,3860.23,3869.34,80946919
2022-09-23,3865.1,3888.4,3829.69,3856.02,94342462
2022-09-26,3829.6,3893.32,3827.95,3836.68,104526031
2022-09-27,3844.07,3893.03,3827.93,3892.3,88860160
2022-09-28,3879.44,3879.44,3828.05,3828.71,86592213
2022-09-29,3864.32,3873.18,3808.65,3827.14,85654142
2022-09-30,3833.35,3848.6,3801.28,3804.89,78559966
2022-10-10,3806.56,3807.46,3715.71,3720.94,102647595
2022-10-11,3732.02,3739.81,3706.06,3727.69,83944625
2022-10-12,3722.87,3784.31,3661.53,3784.31,108089319
2022-10-13,3756.42,3783.6,3749.64,3752.67,99018915
2022-10-14,3783.32,3863.23,3780.84,3842.47,116242293
2022-10-17,3822.24,3849.62,3809.12,3846.41,104192019
2022-10-18,3865.83,3870.22,3831.17,3838.27,88346907
2022-10-19,3827.47,3840.49,3776.53,3776.53,81574844
2022-10-20,3746.58,3804.25,3726.79,3754.93,90290895
2022-10-21,3753.89,3768.69,3724.69,3742.89,98750038
2022-10-24,3727.92,3762.16,3619.99,3633.37,130056864
2022-10-25,3621.94,3670.73,3594.7,3627.45,110953882
2022-10-26,3633.31,3700.88,3633.31,3656.9,121301548
2022-10-27,3667.66,3685.08,3631.06,3631.14,117998675
2022-10-28,3605.16,3618.86,3533.5,3541.33,118772162
2022-10-31,3504.51,3553.39,3495.95,3508.7,138465655
2022-11-01,3519.82,3634.17,3517.62,3634.17,149286698
2022-11-02,3620.37,3703.47,3610.8,3677.81,141592919
2022-11-03,3645.06,3670.16,3628.5,3647.9,110566035
2022-11-04,3646.77,3782.88,3646.77,3767.17,149734949
2022-11-07,3754.52,3792.79,3746.37,3775.3,129826371
2022-11-08,3773.66,3779.12,3723.34,3749.33,99016451
2022-11-09,3750.78,3760.41,3711.27,3714.27,89434525
2022-11-10,3685.83,3701.53,3665.06,3685.69,103509302
2022-11-11,3787.76,3828.9,3747.09,3788.44,189685586
2022-11-14,3818.14,3848.41,3781.78,3794.02,169665048
2022-11-15,3788.93,3871.64,3775.5,3865.97,151515650
2022-11-16,3860.81,3877.68,3829.31,3834.39,120610964
2022-11-17,3821.27,3821.74,3776.57,3818.66,105940632
2022-11-18,3823.82,3840.3,3801.57,3801.57,115078777
2022-11-21,3769.63,3769.87,3734.0,3769.13,95866966
2022-11-22,3766.08,3809.86,3751.04,3769.57,144486334
2022-11-23,3760.22,3791.18,3753.21,3773.53,144527911
2022-11-24,3791.54,3804.9,3751.38,3756.81,101073447
2022-11-25,3751.28,3790.57,3743.41,3775.78,142929711
2022-11-28,3701.9,3736.08,3672.13,3733.24,127825748
2022-11-29,3766.57,3854.77,3766.57,3848.42,178701392
2022-11-30,3836.56,3867.66,3833.83,3853.04,157511400
2022-12-01,3921.3,3944.56,3893.87,3894.77,169964585
2022-12-02,3886.4,3898.11,3865.88,3870.95,116786350
2022-12-05,3907.64,3947.48,3900.67,3946.88,201747221
2022-12-06,3929.01,3988.9,3923.0,3968.2,155108323
2022-12-07,3956.67,3999.59,3944.18,3958.44,143001356
2022-12-08,3953.2,3971.49,3941.3,3959.18,115199986
2022-12-09,3961.99,4003.32,3944.44,3998.24,153774954
2022-12-12,3976.17,3983.43,3950.32,3953.44,125935368
2022-12-13,3953.55,3964.4,3939.98,3945.68,100994100
2022-12-14,3952.79,3972.74,3935.77,3954.89,98528006
2022-12-15,3954.67,3963.5,3926.5,3951.99,88864725
2022-12-16,3931.23,3960.47,3929.49,3954.23,93178567
2022-12-19,3952.77,3966.57,3878.44,3893.22,106919075
2022-12-20,3881.23,3881.27,3811.48,3829.02,83096822
2022-12-21,3839.0,3853.73,3821.4,3830.54,64839215
2022-12-22,3859.2,3882.13,3821.34,3836.03,83705173
2022-12-23,3811.62,3848.34,3805.95,3828.22,65278148
2022-12-26,3830.57,3856.81,3827.52,3843.49,73005712
2022-12-27,3860.91,3891.85,3856.58,3887.85,77515350
2022-12-28,3874.91,3884.72,3854.94,3871.26,84424656
2022-12-29,3854.24,3868.29,3838.48,3856.7,79394815
2022-12-30,3873.94,3887.55,3868.76,3871.63,78773272
2023-01-03,3864.84,3893.99,3831.25,3887.9,115051875
2023-01-04,3886.25,3905.9,3873.65,3892.95,110660743
2023-01-05,3913.49,3974.88,3912.26,3968.58,116502395
2023-01-06,3969.55,4000.41,3966.47,3980.89,110953038
2023-01-09,3998.53,4023.09,3990.71,4013.12,117054425
2023-01-10,4014.71,4030.46,4002.23,4017.47,101751141
2023-01-11,4019.88,4043.4,4008.02,4010.03,99997889
2023-01-12,4021.75,4030.29,4003.51,4017.87,90552627
2023-01-13,4032.29,4074.38,4027.89,4074.38,95871896
2023-01-16,4077.88,4177.1,4076.64,4137.96,151395455
2023-01-17,4138.84,4148.58,4118.16,4137.24,95479040
2023-01-18,4140.1,4151.46,4125.77,4130.31,84200645
2023-01-19,4125.58,4156.01,4105.98,4156.01,94608398
2023-01-20,4166.84,4189.83,4161.67,4181.53,123553809
2023-01-30,4267.62,4268.15,4197.86,4201.35,164607064
2023-01-31,4200.58,4212.73,4153.05,4156.86,124550835
2023-02-01,4170.13,4195.93,4137.77,4195.93,141008954
2023-02-02,4207.41,4207.41,4170.56,4181.15,133823736
2023-02-03,4162.03,4162.03,4103.17,4141.63,117041221
2023-02-06,4103.83,4105.94,4065.22,4086.88,110192717
2023-02-07,4098.31,4107.34,4077.96,4094.23,91360072
2023-02-08,4099.86,4111.47,4072.65,4076.14,84786099
2023-02-09,4067.56,4130.86,4064.75,4130.86,102289961
2023-02-10,4124.1,4125.29,4092.35,4106.31,96716733
2023-02-13,4098.88,4146.45,4092.27,4143.57,128892577
2023-02-14,4151.25,4152.05,4125.26,4145.29,102499890
2023-02-15,4146.85,4153.72,4115.97,4123.69,121664508
2023-02-16,4125.41,4167.9,4068.86,4093.49,159310585
2023-02-17,4086.22,4104.64,4032.93,4034.51,116142589
2023-02-20,4039.96,4134.86,4035.48,4133.49,161794481
2023-02-21,4130.06,4151.8,4116.27,4144.35,145776173
2023-02-22,4118.97,4134.88,4101.86,4106.95,104290295
2023-02-23,4106.21,4132.39,4088.21,4103.65,103564906
2023-02-24,4100.99,4102.61,4048.24,4061.05,100989425
2023-02-27,4040.46,4067.03,4034.52,4043.84,93787630
2023-02-28,4058.13,4074.26,4026.45,4069.46,110323591
2023-03-01,4068.73,4135.48,4061.22,4126.94,156015794
2023-03-02,4119.99,4137.25,4113.83,4117.74,148217637
2023-03-03,4126.02,4135.21,4100.38,4130.55,160331741
2023-03-06,4131.15,4132.84,4088.45,4109.01,162971807
2023-03-07,4103.64,4124.96,4046.57,4048.85,195912068
2023-03-08,4030.74,4037.29,4011.52,4034.11,117936493
2023-03-09,4035.84,4043.85,4000.89,4019.85,116539629
2023-03-10,3991.8,4004.36,3966.43,3967.14,123855409
2023-03-13,3962.64,4008.69,3962.64,4008.69,143561370
2023-03-14,3999.88,4001.94,3946.94,3984.7,150544174
2023-03-15,4011.84,4018.75,3986.9,3986.9,142026007
2023-03-16,3958.2,3981.32,3936.48,3939.15,152515644
2023-03-17,3971.16,4004.22,3945.25,3958.82,177433818
2023-03-20,3962.66,3979.55,3935.02,3939.08,205264970
2023-03-21,3948.16,3982.7,3948.16,3982.38,145090679
2023-03-22,3993.78,4016.45,3986.71,3999.44,149228970
2023-03-23,3985.99,4039.09,3984.0,4039.09,158887421
2023-03-24,4035.16,4037.84,4017.0,4027.05,159442330
2023-03-27,4023.3,4023.3,3987.03,4012.48,168482279
2023-03-28,4015.7,4023.78,3994.6,3999.51,131895117
2023-03-29,4013.59,4017.76,3992.67,4006.14,133743510
2023-03-30,4009.56,4040.5,3983.9,4038.53,149901037
2023-03-31,4045.45,4063.57,4039.96,4050.93,138842546
2023-04-03,4059.62,4094.94,4059.06,4090.57,182124313
2023-04-04,4089.29,4103.16,4080.07,4103.11,197146631
2023-04-06,4084.13,4098.83,4078.4,4096.64,150703374
2023-04-07,4096.9,4131.31,4092.18,4123.28,128676738
2023-04-10,4132.01,4132.3,4099.05,4104.81,152453002
2023-04-11,4108.51,4116.12,4083.49,4100.15,153901333
2023-04-12,4102.4,4108.25,4090.28,4097.29,165965278
2023-04-13,4081.39,4088.88,4059.57,4068.98,156444295
2023-04-14,4078.97,4098.22,4075.2,4092.0,150695682
2023-04-17,4090.07,4149.38,4089.51,4149.38,188773095
2023-04-18,4139.31,4169.67,4138.46,4162.03,170184130
2023-04-19,4159.39,4159.39,4118.63,4124.56,162554592
2023-04-20,4122.95,4125.82,4094.0,4113.02,162706677
2023-04-21,4114.26,4114.26,4031.91,4032.57,180802435
2023-04-24,4031.3,4033.64,3967.91,3982.64,170099217
2023-04-25,3985.11,3991.69,3925.44,3962.67,172555409
2023-04-26,3950.26,3975.66,3934.66,3959.23,162702006
2023-04-27,3948.03,3999.13,3942.82,3988.42,153828195
2023-04-28,3993.26,4030.45,3993.26,4029.09,179508488
2023-05-04,4013.47,4035.78,4001.13,4030.25,227582846
2023-05-05,4031.09,4047.6,3998.39,4016.88,206626924
2023-05-08,4028.11,4070.77,4018.96,4062.66,255583085
2023-05-09,4065.44,4092.85,4026.39,4027.88,279306048
2023-05-10,4017.94,4019.06,3984.63,3996.87,207552709
2023-05-11,4005.78,4018.06,3988.48,3990.66,144804619
2023-05-12,3987.77,3999.38,3937.53,3937.76,144421728
2023-05-15,3938.83,3998.89,3923.03,3998.89,176257362
2023-05-16,4002.52,4005.02,3966.99,3978.21,136833271
2023-05-17,3971.7,3982.6,3945.71,3960.17,118448185
2023-05-18,3965.52,3982.72,3939.55,3956.07,136533947
2023-05-19,3946.22,3967.28,3928.32,3944.54,120212479
2023-05-22,3941.0,3985.4,3935.8,3969.33,109116605
2023-05-23,3968.23,3971.94,3913.19,3913.19,118685077
2023-05-24,3903.78,3903.78,3859.09,3859.09,137258265
2023-05-25,3851.41,3861.38,3817.84,3850.5,124150770
2023-05-26,3848.42,3859.63,3815.57,3850.95,100326439
2023-05-29,3862.08,3866.72,3819.18,3833.94,131859967
2023-05-30,3827.79,3844.01,3789.27,3837.75,137619629
2023-05-31,3827.16,3827.16,3781.4,3798.54,126387368
2023-06-01,3788.59,3832.21,3786.73,3806.87,134561881
2023-06-02,3821.62,3865.28,3821.62,3861.83,125015110
2023-06-05,3860.56,3860.56,3832.46,3844.25,116163989
2023-06-06,3840.46,3867.85,3802.84,3808.16,125781258
2023-06-07,3815.48,3823.11,3780.1,3789.34,98862432
2023-06-08,3791.08,3834.39,3777.78,3820.19,118700934
2023-06-09,3822.41,3836.7,3811.22,3836.7,134319863
2023-06-12,3827.33,3859.72,3813.86,3844.43,126758543
2023-06-13,3838.13,3867.3,3833.46,3864.91,110924946
2023-06-14,3872.72,3891.67,3862.06,3864.02,124955759
2023-06-15,3871.77,3925.5,3871.77,3925.5,128369938
2023-06-16,3932.21,3968.01,3928.54,3963.35,139760076
2023-06-19,3957.03,3957.03,3922.47,3930.91,134905848
2023-06-20,3926.09,3937.49,3918.47,3924.24,122520318
2023-06-21,3909.1,3920.13,3864.03,3864.03,118346575
2023-06-26,3833.44,3841.29,3801.05,3809.7,133990419
2023-06-27,3811.69,3851.9,3806.32,3845.43,116992681
2023-06-28,3836.61,3846.85,3808.16,3840.8,107021541
2023-06-29,3836.73,3840.71,3817.38,3821.84,98289274
2023-06-30,3816.33,3860.03,3813.55,3842.45,101268429
2023-07-03,3853.29,3897.33,3853.29,3892.88,133158051
2023-07-04,3888.03,3899.98,3878.4,3899.01,109494527
2023-07-05,3895.19,3899.52,3864.13,3868.81,97636384
2023-07-06,3857.03,3876.89,3836.46,3842.75,100121842
2023-07-07,3831.6,3844.84,3819.08,3825.7,100906920
2023-07-10,3841.56,3865.46,3831.92,3844.33,92033441
2023-07-11,3853.8,3870.65,3844.52,3869.49,86510716
2023-07-12,3864.6,3874.04,3838.56,3843.44,111522024
2023-07-13,3855.66,3901.1,3855.66,3898.42,120300232
2023-07-14,3904.6,3908.49,3893.79,3899.1,122364846
2023-07-17,3881.62,3881.62,3852.26,3867.17,98340144
2023-07-18,3871.04,3871.04,3844.51,3854.94,91438615
2023-07-19,3848.48,3860.01,3830.41,3850.87,79585700
2023-07-20,3857.77,3875.62,3818.71,3823.69,92042076
2023-07-21,3816.98,3849.51,3808.8,3821.91,79507563
2023-07-24,3803.35,3828.79,3798.8,3805.22,75483545
2023-07-25,3866.64,3915.81,3866.64,3915.12,163066320
2023-07-26,3908.17,3912.98,3893.4,3907.01,107881717
2023-07-27,3914.23,3935.36,3894.69,3902.35,110667109
2023-07-28,3889.79,4000.92,3886.55,3992.74,179735481
2023-07-31,4018.89,4064.36,4002.08,4014.63,199606830
2023-08-01,4009.18,4031.7,3983.03,3998.0,142286859
2023-08-02,3985.7,4008.33,3958.51,3969.9,125855690
2023-08-03,3962.13,4005.0,3962.13,4004.98,129006640
2023-08-04,4033.72,4058.24,4011.62,4020.58,178267189
2023-08-07,4002.97,4002.97,3977.02,3990.15,121310662
2023-08-08,3980.04,4002.29,3963.46,3979.73,109871699
2023-08-09,3967.36,3982.11,3961.84,3967.57,94640269
2023-08-10,3962.86,3976.46,3945.39,3975.72,97176849
2023-08-11,3977.98,3977.98,3884.25,3884.25,126082931
2023-08-14,3840.89,3859.47,3814.07,3855.91,115966336
2023-08-15,3858.37,3865.28,3811.68,3846.54,103097111
2023-08-16,3830.83,3852.42,3817.63,3818.33,94616946
2023-08-17,3801.2,3836.15,3782.5,3831.1,98415493
2023-08-18,3832.46,3844.2,3784.0,3784.0,95549638
2023-08-21,3773.23,3782.11,3729.56,3729.56,98708369
2023-08-22,3748.07,3770.06,3704.68,3758.23,120318327
2023-08-23,3751.77,3756.17,3695.03,3696.63,97081638
2023-08-24,3711.54,3748.86,3701.57,3723.43,119614521
2023-08-25,3703.51,3734.22,3695.84,3709.15,105182610
2023-08-28,3911.55,3911.55,3740.53,3752.62,197990379
2023-08-29,3743.05,3810.38,3742.08,3790.11,152486146
2023-08-30,3803.12,3813.7,3780.24,3788.51,129671661
2023-08-31,3786.93,3794.0,3762.0,3765.27,118961646
2023-09-01,3778.91,3808.53,3778.91,3791.49,105319045
2023-09-04,3812.99,3854.26,3804.59,3848.95,142385201
2023-09-05,3839.58,3839.58,3814.33,3820.32,104052333
2023-09-06,3808.1,3817.52,3790.89,3812.03,93442393
2023-09-07,3802.23,3802.23,3756.85,3758.47,95103903
2023-09-08,3747.65,3753.26,3724.99,3739.99,71638166
2023-09-11,3740.58,3788.32,3734.72,3767.54,105358016
2023-09-12,3764.33,3775.09,3755.42,3760.6,79385378
2023-09-13,3759.61,3768.82,3719.11,3736.65,81576901
2023-09-14,3736.94,3748.82,3717.31,3733.51,100386075
2023-09-15,3740.79,3749.02,3699.38,3708.78,109395689
2023-09-18,3698.93,3737.53,3691.11,3727.71,86727741
2023-09-19,3723.42,3724.07,3702.69,3720.5,83199038
2023-09-20,3715.96,3718.52,3705.13,3705.69,75448209
2023-09-21,3698.31,3708.46,3672.44,3672.44,83031005
2023-09-22,3672.64,3740.42,3664.77,3738.93,110231166
2023-09-25,3738.06,3738.06,3711.2,3714.6,92596479
2023-09-26,3711.71,3723.85,3692.62,3692.89,78044525
2023-09-27,3694.96,3731.14,3694.39,3700.5,91629210
2023-09-28,3711.21,3716.06,3685.3,3689.52,85221719
2023-10-09,3678.93,3694.17,3642.0,3684.73,102148058
2023-10-10,3696.25,3701.26,3655.59,3657.13,99163730
2023-10-11,3674.75,3689.53,3658.36,3667.55,102091587
2023-10-12,3697.93,3711.5,3682.84,3702.38,114363225
2023-10-13,3677.96,3678.19,3652.31,3663.41,98287987
2023-10-16,3664.04,3664.04,3615.77,3626.6,91853118
2023-10-17,3635.3,3645.57,3619.13,3639.4,90745188
2023-10-18,3631.07,3632.06,3608.98,3610.58,94545879
2023-10-19,3588.52,3588.52,3532.31,3533.54,111737520
2023-10-20,3518.35,3535.66,3501.73,3510.59,98518605
2023-10-23,3500.2,3505.35,3450.65,3474.24,96561652
2023-10-24,3481.76,3495.0,3453.1,3487.13,115547289
2023-10-25,3524.3,3531.83,3500.92,3504.46,128009617
2023-10-26,3484.78,3515.57,3478.05,3514.14,105143566
2023-10-27,3501.17,3576.59,3494.55,3562.39,120225108
2023-10-30,3554.11,3592.72,3554.02,3583.77,144010426
2023-10-31,3581.68,3581.68,3554.58,3572.51,112587267
2023-11-01,3605.76,3606.41,3564.64,3571.03,97645538
2023-11-02,3580.07,3597.17,3553.74,3554.19,90359643
2023-11-03,3558.53,3596.1,3558.53,3584.14,97542101
2023-11-06,3608.32,3635.79,3600.63,3632.61,152982463
2023-11-07,3623.78,3628.46,3606.3,3619.76,110288591
2023-11-08,3610.64,3627.05,3591.82,3611.07,110594230
2023-11-09,3603.11,3624.41,3601.37,3612.83,111872057
2023-11-10,3596.07,3599.45,3576.1,3586.49,102107034
2023-11-13,3593.91,3599.39,3562.77,3579.41,96707649
2023-11-14,3581.1,3600.15,3568.88,3582.06,100884158
2023-11-15,3616.88,3620.6,3596.92,3607.25,104929218
2023-11-16,3600.98,3605.29,3572.36,3572.36,87464780
2023-11-17,3561.31,3573.68,3547.03,3568.07,87319207
2023-11-20,3569.73,3586.97,3545.1,3576.32,91080445
2023-11-21,3587.88,3615.06,3575.68,3581.07,108594314
2023-11-22,3569.44,3574.38,3544.42,3544.42,84784381
2023-11-23,3541.44,3562.07,3529.94,3561.52,84800167
2023-11-24,3560.65,3560.65,3534.0,3538.01,85018403
2023-11-27,3534.44,3534.44,3492.86,3511.94,99102314
2023-11-28,3510.66,3521.05,3501.11,3518.52,89335789
2023-11-29,3518.88,3519.2,3482.24,3488.31,98841412
2023-11-30,3485.52,3505.13,3481.45,3496.2,101350820
2023-12-01,3494.22,3494.22,3452.17,3482.88,108530941
2023-12-04,3481.04,3488.13,3459.61,3460.14,97156826
2023-12-05,3450.09,3450.09,3393.81,3394.26,100472007
2023-12-06,3387.88,3420.28,3382.95,3399.6,105805519
2023-12-07,3394.31,3404.41,3369.77,3391.28,97713248
2023-12-08,3391.86,3409.38,3383.45,3399.46,129522054
2023-12-11,3378.05,3426.61,3346.89,3419.45,139626249
2023-12-12,3410.0,3427.55,3406.1,3426.8,105590013
2023-12-13,3418.64,3418.64,3369.61,3369.61,95285367
2023-12-14,3387.38,3399.14,3350.76,3351.96,83655135
2023-12-15,3365.94,3388.5,3339.52,3341.55,97787783
2023-12-18,3329.19,3352.35,3314.91,3329.37,90526826
2023-12-19,3325.66,3345.78,3313.19,3334.04,83808118
2023-12-20,3334.33,3338.54,3297.37,3297.5,92412868
2023-12-21,3285.6,3339.36,3283.99,3330.87,102546198
2023-12-22,3329.47,3359.06,3315.9,3337.23,105220133
2023-12-25,3330.33,3348.88,3330.33,3347.45,74542693
2023-12-26,3345.4,3345.42,3315.94,3324.79,74732935
2023-12-27,3326.93,3341.27,3309.67,3336.36,94403928
2023-12-28,3335.56,3423.4,3331.21,3414.54,148064851
2023-12-29,3411.11,3432.54,3409.58,3431.11,114928932
2024-01-02,3426.27,3426.27,3386.35,3386.35,116180726
2024-01-03,3379.75,3392.85,3362.66,3378.3,105613851
2024-01-04,3375.02,3375.02,3323.86,3347.05,106721013
2024-01-05,3341.31,3372.54,3313.55,3329.11,126400574
2024-01-08,3322.61,3333.52,3283.34,3286.06,117429485
2024-01-09,3286.71,3304.6,3273.84,3292.5,109330465
2024-01-10,3281.67,3312.92,3268.25,3277.13,94199366
2024-01-11,3275.31,3311.11,3266.79,3295.67,108789735
2024-01-12,3284.36,3310.47,3279.7,3284.17,96853555
2024-01-15,3270.1,3306.92,3261.27,3280.92,88851530
2024-01-16,3272.57,3300.88,3260.44,3300.88,113276665
2024-01-17,3291.14,3291.14,3229.08,3229.08,108769728
2024-01-18,3214.28,3279.25,3171.63,3274.73,174909168
2024-01-19,3261.24,3286.94,3251.81,3269.78,118501408
2024-01-22,3262.47,3281.42,3193.18,3218.9,148705628
2024-01-23,3208.43,3249.53,3188.13,3231.93,122012000
2024-01-24,3245.96,3281.49,3190.47,3277.11,154371954
2024-01-25,3274.34,3344.24,3269.79,3342.92,196833614
2024-01-26,3326.65,3351.97,3315.13,3333.82,180664005
2024-01-29,3335.39,3351.37,3303.96,3303.96,184164795
2024-01-30,3283.9,3300.2,3244.97,3245.04,143649350
2024-01-31,3231.54,3252.15,3201.93,3215.35,153143469
2024-02-01,3202.26,3251.76,3191.9,3217.71,145516792
2024-02-02,3219.87,3235.41,3108.35,3179.63,173758089
2024-02-05,3164.25,3233.85,3111.52,3200.42,203042970
2024-02-06,3185.25,3314.51,3182.82,3311.69,202713099
2024-02-07,3314.03,3343.63,3289.67,3343.63,216647933
2024-02-08,3351.41,3367.21,3336.98,3364.93,189977578
2024-02-19,3393.19,3403.81,3364.14,3403.81,183319800
2024-02-20,3395.19,3415.89,3380.1,3410.85,140734581
2024-02-21,3390.36,3500.13,3383.69,3456.87,188879362
2024-02-22,3450.35,3486.68,3448.41,3486.67,141020784
2024-02-23,3491.34,3507.56,3472.97,3489.74,144821273
2024-02-26,3485.54,3492.61,3445.39,3453.36,151248331
2024-02-27,3440.05,3494.79,3437.44,3494.79,139528246
2024-02-28,3499.83,3521.66,3450.26,3450.26,189837548
2024-02-29,3437.9,3516.08,3437.9,3516.08,155944532
2024-03-01,3515.06,3544.36,3503.46,3537.8,162709570
2024-03-04,3538.37,3548.69,3519.76,3540.87,163244613
2024-03-05,3524.96,3570.69,3519.08,3565.51,166422389
2024-03-06,3556.53,3577.39,3545.1,3551.05,143076613
2024-03-07,3548.1,3569.92,3522.9,3529.72,148110510
2024-03-08,3529.55,3548.51,3511.58,3544.91,125792664
2024-03-11,3545.94,3589.26,3542.28,3589.26,148202825
2024-03-12,3592.58,3605.7,3574.21,3597.49,180685560
2024-03-13,3594.42,3594.42,3563.37,3572.36,144590590
2024-03-14,3571.79,3597.46,3545.61,3562.22,140962722
2024-03-15,3554.91,3572.81,3533.68,3569.99,138316044
2024-03-18,3577.06,3604.05,3573.4,3603.53,160379438
2024-03-19,3593.34,3610.74,3577.19,3577.63,145571786
2024-03-20,3568.72,3589.55,3568.43,3585.38,129528966
2024-03-21,3593.07,3601.11,3575.03,3581.09,130743377
2024-03-22,3571.27,3575.72,3522.84,3545.0,139227358
2024-03-25,3536.71,3564.96,3525.76,3525.76,137015724
2024-03-26,3526.68,3547.65,3518.6,3543.75,126209535
2024-03-27,3538.72,3542.96,3502.79,3502.79,128626763
2024-03-28,3498.48,3551.21,3489.39,3520.96,143334717
2024-03-29,3516.88,3538.24,3516.88,3537.48,128643290
2024-04-01,3551.58,3600.92,3551.58,3595.65,162776561
2024-04-02,3593.22,3596.19,3568.75,3580.68,141272972
2024-04-03,3578.68,3582.43,3558.87,3567.8,135592331
2024-04-08,3553.56,3567.82,3535.77,3536.41,155304283
2024-04-09,3533.38,3543.71,3518.86,3533.49,129670942
2024-04-10,3528.97,3531.23,3490.05,3504.71,128790274
2024-04-11,3485.03,3520.59,3484.93,3504.24,126534395
2024-04-12,3505.75,3516.7,3470.06,3475.84,128921116
2024-04-15,3473.5,3552.41,3473.5,3549.08,183941250
2024-04-16,3533.36,3545.5,3503.62,3511.11,176153065
2024-04-17,3509.13,3565.94,3498.03,3565.4,168466398
2024-04-18,3550.56,3602.79,3547.6,3569.8,178574105
2024-04-19,3550.61,3560.95,3529.32,3541.66,147281505
2024-04-22,3536.18,3558.16,3528.02,3530.9,150579042
2024-04-23,3525.67,3533.76,3499.98,3506.22,143113504
2024-04-24,3514.01,3524.54,3495.65,3521.62,121739851
2024-04-25,3510.64,3543.97,3505.2,3530.28,115187722
2024-04-26,3531.96,3588.4,3531.96,3584.27,197216133
2024-04-29,3584.54,3645.82,3578.76,3623.91,222721381
2024-04-30,3619.26,3630.71,3604.39,3604.39,191296899
2024-05-06,3654.05,3668.26,3645.74,3657.88,208018007
2024-05-07,3657.0,3665.68,3648.38,3659.01,164834286
2024-05-08,3650.75,3650.94,3628.7,3630.22,130035336
2024-05-09,3630.41,3669.76,3630.41,3664.56,146559017
2024-05-10,3669.09,3674.61,3641.76,3666.28,150720536
2024-05-13,3646.35,3673.62,3634.6,3664.69,157267455
2024-05-14,3668.23,3675.78,3646.71,3657.05,133406490
2024-05-15,3651.05,3656.53,3624.0,3626.06,123522764
2024-05-16,3636.6,3657.48,3626.33,3640.36,154630503
2024-05-17,3638.56,3677.97,3627.45,3677.97,164570417
2024-05-20,3682.06,3703.03,3677.44,3690.96,184609423
2024-05-21,3682.29,3684.61,3665.15,3676.16,130678283
2024-05-22,3675.65,3691.88,3667.09,3684.45,151914605
2024-05-23,3672.84,3674.37,3633.51,3641.79,142572990
2024-05-24,3630.83,3650.87,3599.67,3601.48,124791177
2024-05-27,3606.65,3638.15,3603.71,3635.71,131272644
2024-05-28,3633.25,3638.97,3605.92,3609.17,123532238
2024-05-29,3609.07,3633.2,3602.82,3613.52,115906321
2024-05-30,3607.05,3624.04,3586.75,3594.31,122602995
2024-05-31,3599.82,3614.64,3579.92,3579.92,112462019
2024-06-03,3577.38,3600.6,3567.87,3588.75,141054591
2024-06-04,3583.81,3622.5,3580.28,3615.67,124545096
2024-06-05,3610.36,3623.32,3594.11,3594.79,110906766
2024-06-06,3602.16,3625.01,3584.17,3592.25,137893517
2024-06-07,3594.63,3603.07,3552.09,3574.11,131103026
2024-06-11,3555.82,3565.31,3525.89,3542.88,134522306
2024-06-12,3539.09,3551.17,3531.57,3544.12,122813729
2024-06-13,3548.22,3551.08,3520.18,3526.13,123245462
2024-06-14,3514.8,3547.15,3503.52,3541.53,171516942
2024-06-17,3521.44,3540.79,3520.74,3536.2,137433438
2024-06-18,3533.49,3551.71,3532.78,3545.59,123671838
2024-06-19,3543.36,3543.36,3524.84,3528.75,106642797
2024-06-20,3525.17,3533.99,3500.13,3503.28,111617396
2024-06-21,3496.34,3505.51,3473.83,3495.62,109186615
2024-06-24,3473.64,3505.78,3471.22,3476.81,117990184
2024-06-25,3475.16,3483.22,3440.65,3457.9,118448118
2024-06-26,3451.54,3487.4,3442.3,3480.26,105898861
2024-06-27,3467.29,3471.14,3452.58,3454.12,114918101
2024-06-28,3443.67,3484.68,3443.67,3461.66,135409153
2024-07-01,3458.26,3479.95,3443.81,3478.18,121829770
2024-07-02,3472.45,3488.32,3464.52,3471.79,121650121
2024-07-03,3471.56,3478.7,3454.99,3463.41,103857108
2024-07-04,3468.3,3483.31,3444.93,3445.81,104429909
2024-07-05,3443.36,3451.04,3399.67,3431.06,116609659
2024-07-08,3420.8,3428.04,3395.91,3401.76,115528218
2024-07-09,3396.8,3448.93,3384.81,3439.81,131629443
2024-07-10,3425.88,3447.51,3423.65,3428.97,127203456
2024-07-11,3451.04,3473.98,3438.12,3468.17,145892466
2024-07-12,3459.96,3479.1,3457.36,3472.4,130874589
2024-07-15,3462.61,3481.46,3460.79,3476.25,118517083
2024-07-16,3466.85,3500.29,3464.37,3498.28,120659017
2024-07-17,3494.21,3514.48,3486.22,3501.58,131802062
2024-07-18,3483.3,3522.8,3475.72,3520.93,123768199
2024-07-19,3500.81,3545.34,3493.07,3539.02,132447975
2024-07-22,3538.4,3540.19,3494.01,3514.92,132126337
2024-07-23,3509.79,3509.79,3439.88,3439.88,128897660
2024-07-24,3432.35,3451.42,3408.41,3418.17,127036263
2024-07-25,3404.61,3415.86,3383.8,3399.27,131022242
2024-07-26,3403.71,3420.82,3388.66,3409.29,124195558
2024-07-29,3404.37,3408.5,3388.84,3390.74,109787786
2024-07-30,3380.69,3380.69,3352.8,3369.38,104952164
2024-07-31,3364.03,3445.0,3364.03,3442.08,171959177
2024-08-01,3443.14,3448.34,3419.19,3419.27,136323464
2024-08-02,3393.92,3419.1,3380.96,3384.39,116615255
2024-08-05,3362.11,3409.03,3343.32,3343.32,142812516
2024-08-06,3367.35,3376.8,3318.63,3342.98,119340279
2024-08-07,3338.59,3362.38,3329.97,3341.49,95084377
2024-08-08,3332.43,3364.79,3320.84,3342.94,92495695
2024-08-09,3358.13,3366.67,3331.63,3331.63,91511626
2024-08-12,3327.56,3338.08,3319.89,3325.86,79938754
2024-08-13,3328.01,3335.01,3310.19,3334.39,84489679
2024-08-14,3332.79,3332.79,3309.1,3309.24,78742407
2024-08-15,3301.45,3356.76,3297.97,3341.95,104766399
2024-08-16,3342.03,3356.91,3335.62,3345.63,96519083
2024-08-19,3344.26,3375.96,3343.71,3356.97,105571110
2024-08-20,3361.64,3362.33,3321.64,3332.7,101668331
2024-08-21,3322.91,3339.44,3307.99,3321.64,89954751
2024-08-22,3322.87,3327.7,3305.25,3313.14,100366504
2024-08-23,3305.93,3336.24,3305.64,3327.19,89525774
2024-08-26,3330.72,3336.53,3311.57,3324.22,93990772
2024-08-27,3315.69,3320.57,3299.56,3305.33,95808157
2024-08-28,3298.91,3305.35,3274.59,3286.5,92696650
2024-08-29,3273.54,3290.79,3269.53,3277.68,130702333
2024-08-30,3273.75,3351.63,3273.65,3321.43,188695443
2024-09-02,3307.54,3307.76,3264.76,3265.01,147612353
2024-09-03,3261.74,3281.59,3261.19,3273.43,122897306
2024-09-04,3253.9,3272.99,3249.98,3252.16,104832482
2024-09-05,3252.96,3266.88,3247.17,3257.76,97109450
2024-09-06,3261.15,3274.81,3231.07,3231.35,88400417
2024-09-09,3214.8,3222.93,3180.93,3192.95,108673069
2024-09-10,3193.46,3205.1,3171.79,3195.76,97290078
2024-09-11,3187.05,3197.34,3174.03,3186.13,102482110
2024-09-12,3189.43,3201.55,3171.88,3172.47,92868657
2024-09-13,3174.03,3188.91,3159.25,3159.25,88336677
2024-09-18,3158.82,3179.9,3145.79,3171.01,84722814
2024-09-19,3178.4,3213.84,3149.79,3196.04,125439272
2024-09-20,3192.43,3207.99,3173.22,3201.05,118064098
2024-09-23,3200.87,3230.16,3198.02,3212.76,95344855
2024-09-24,3244.65,3351.97,3222.49,3351.91,204072217
2024-09-25,3403.7,3465.49,3393.44,3401.53,241564255
2024-09-26,3399.32,3545.32,3391.68,3545.32,243134010
2024-09-27,3617.92,3708.5,3596.58,3703.68,265487774
2024-09-30,3846.65,4038.7,3796.5,4017.85,510217707
2024-10-08,4450.37,4450.37,4094.35,4256.1,589867894
2024-10-09,4168.84,4197.6,3942.51,3955.98,482269295
2024-10-10,3979.61,4098.5,3912.77,3997.79,395053099
2024-10-11,3969.76,3978.24,3847.12,3887.17,274096505
2024-10-14,3915.22,3979.54,3868.78,3961.34,307578993
2024-10-15,3942.53,3967.87,3855.99,3855.99,242486448
2024-10-16,3806.14,3877.75,3805.09,3831.59,218866407
2024-10-17,3853.84,3882.07,3787.75,3788.22,212313820
2024-10-18,3780.31,3998.21,3765.16,3925.23,312958834
2024-10-21,3946.9,3979.26,3896.17,3935.2,291185634
2024-10-22,3923.74,3965.91,3917.52,3957.78,223433396
2024-10-23,3955.32,4012.18,3939.1,3973.21,245873949
2024-10-24,3950.9,3957.98,3914.09,3928.83,174724062
2024-10-25,3931.32,3992.89,3921.94,3956.42,210694885
2024-10-28,3953.11,3964.16,3917.2,3964.16,216160415
2024-10-29,3970.01,3991.31,3921.58,3924.65,217293984
2024-10-30,3904.16,3926.06,3864.31,3889.45,219436626
2024-10-31,3888.42,3923.9,3859.11,3891.04,300636718
2024-11-01,3882.46,3933.22,3879.96,3890.02,307986481
2024-11-04,3897.71,3944.76,3891.21,3944.76,229239060
2024-11-05,3937.62,4046.7,3925.41,4044.57,316862794
2024-11-06,4051.29,4091.7,4002.5,4024.28,335807938
2024-11-07,3987.27,4146.15,3984.67,4145.7,341436414
2024-11-08,4192.08,4200.91,4094.16,4104.05,332350385
2024-11-11,4066.93,4132.51,4048.04,4131.13,289594227
2024-11-12,4133.35,4181.71,4060.79,4085.74,297778086
2024-11-13,4059.59,4121.07,4059.59,4110.89,240484099
2024-11-14,4101.22,4118.17,4034.94,4039.62,230152784
2024-11-15,4025.65,4049.07,3968.83,3968.83,247399463
2024-11-18,3982.1,4034.06,3931.19,3950.38,306777946
2024-11-19,3954.6,3979.15,3896.75,3976.89,242946465
2024-11-20,3966.12,4001.08,3958.34,3985.77,184599372
2024-11-21,3979.46,3999.57,3966.07,3989.3,166125927
2024-11-22,3984.24,3990.26,3865.7,3865.7,216285809
2024-11-25,3875.61,3889.71,3812.32,3848.09,190702953
2024-11-26,3836.26,3875.23,3833.28,3840.18,149892441
2024-11-27,3829.34,3907.16,3817.91,3907.04,174136096
2024-11-28,3904.25,3908.39,3866.01,3872.55,150117291
2024-11-29,3869.89,3962.7,3869.89,3916.58,187656713
2024-12-02,3909.7,3955.13,3902.17,3947.63,197289784
2024-12-03,3946.7,3963.95,3922.84,3951.89,182496867
2024-12-04,3948.13,3957.37,3917.75,3930.56,174626318
2024-12-05,3916.56,3936.34,3910.08,3921.59,138534038
2024-12-06,3923.9,3995.12,3923.9,3973.14,192057907
2024-12-09,3970.66,3995.51,3948.42,3966.57,175959958
2024-12-10,4094.05,4098.38,3988.97,3995.64,253463795
2024-12-11,3988.02,4005.33,3977.35,3988.83,177252846
2024-12-12,3987.15,4031.74,3981.35,4028.5,181621777
2024-12-13,4000.99,4000.99,3931.74,3933.18,230353079
2024-12-16,3930.78,3938.76,3901.65,3911.84,178511251
2024-12-17,3908.13,3955.95,3908.13,3922.03,160939090
2024-12-18,3934.54,3956.14,3933.97,3941.89,157738321
2024-12-19,3911.89,3954.35,3899.75,3945.46,161081040
2024-12-20,3937.47,3958.63,3923.26,3927.74,154986496
2024-12-23,3928.15,3965.85,3928.15,3933.57,190067362
2024-12-24,3934.94,3985.86,3934.73,3983.69,161494589
2024-12-25,3987.96,4007.76,3969.48,3985.63,159390747
2024-12-26,3981.73,3991.53,3965.55,3987.48,143425286
2024-12-27,3987.02,4007.13,3970.94,3981.03,169268666
2024-12-30,3976.7,4005.78,3976.7,3999.05,164612485
2024-12-31,3995.87,4004.35,3934.91,3934.91,183928397
2025-01-02,3931.82,3934.2,3796.34,3820.4,217898724
2025-01-03,3825.24,3835.94,3767.67,3775.16,175342676
2025-01-06,3775.99,3788.85,3743.07,3768.97,150946670
2025-01-07,3760.87,3797.6,3749.06,3796.11,146455779
2025-01-08,3781.26,3810.74,3731.19,3789.22,169166968
2025-01-09,3780.73,3795.26,3768.68,3779.88,129794002
2025-01-10,3778.89,3786.81,3732.48,3732.48,137523171
2025-01-13,3704.44,3737.89,3704.11,3722.51,136446199
2025-01-14,3728.56,3826.64,3718.88,3820.54,170664657
2025-01-15,3810.04,3816.83,3790.17,3796.03,141475520
2025-01-16,3812.19,3842.95,3776.29,3800.38,144505871
2025-01-17,3788.37,3831.64,3780.21,3812.34,126621961
2025-01-20,3835.3,3858.67,3821.98,3829.68,139581277
2025-01-21,3850.36,3850.91,3817.12,3832.61,141218406
2025-01-22,3823.94,3823.94,3783.14,3797.02,137255062
2025-01-23,3829.05,3864.26,3801.85,3803.74,180569551
2025-01-24,3793.85,3847.6,3793.48,3832.86,148971722
2025-01-27,3836.96,3852.0,3817.08,3817.08,146670772
2025-02-05,3844.7,3844.7,3785.16,3795.08,157168308
2025-02-06,3789.61,3843.49,3788.32,3842.83,167288176
2025-02-07,3844.06,3919.35,3833.87,3892.7,221857707
2025-02-10,3898.1,3906.37,3878.83,3901.06,188903040
2025-02-11,3905.16,3905.16,3872.91,3883.14,166574909
2025-02-12,3875.96,3920.72,3867.35,3919.86,164228540
2025-02-13,3913.9,3939.2,3904.98,3905.14,172485874
2025-02-14,3900.83,3942.04,3900.83,3939.01,172976452
2025-02-17,3954.41,3955.9,3921.7,3947.4,213588246
2025-02-18,3942.58,3965.42,3901.87,3912.78,209425101
2025-02-19,3906.22,3943.67,3904.15,3940.16,182829517
2025-02-20,3934.65,3940.68,3916.18,3928.9,163895236
2025-02-21,3938.05,3981.05,3927.79,3978.44,227400330
2025-02-24,3972.48,3995.95,3949.23,3969.72,220810618
2025-02-25,3933.64,3955.43,3915.65,3925.65,178108580
2025-02-26,3931.84,3960.33,3925.37,3959.94,191062501
2025-02-27,3961.06,3973.93,3933.46,3968.12,202887963
2025-02-28,3950.19,3972.48,3886.4,3890.05,198104147
2025-03-03,3899.7,3930.0,3872.59,3888.47,177623166
2025-03-04,3865.99,3890.42,3855.73,3885.22,149850967
2025-03-05,3887.8,3906.42,3877.02,3902.57,158652751
2025-03-06,3923.38,3964.49,3917.08,3956.24,193960915
2025-03-07,3944.91,3967.07,3935.05,3944.01,166732375
2025-03-10,3945.58,3949.14,3905.13,3928.8,152765232
2025-03-11,3890.43,3941.42,3889.43,3941.42,144754402
2025-03-12,3946.86,3953.61,3921.47,3927.23,156732190
2025-03-13,3925.74,3939.29,3897.38,3911.58,156536443
2025-03-14,3919.62,4014.16,3919.62,4006.56,216139003
2025-03-17,4020.64,4021.73,3992.26,3996.79,162202911
2025-03-18,4011.78,4016.87,3995.96,4007.72,140208496
2025-03-19,4004.83,4025.3,3989.51,4010.17,144419428
2025-03-20,4011.06,4012.04,3969.93,3974.99,133754670
2025-03-21,3966.51,3983.15,3904.77,3914.7,165905294
2025-03-24,3916.11,3938.18,3907.2,3934.85,152234674
2025-03-25,3937.9,3946.36,3921.53,3932.3,140475399
2025-03-26,3930.21,3942.03,3916.86,3919.36,131164187
2025-03-27,3911.38,3952.99,3903.65,3932.41,126793738
2025-03-28,3930.78,3934.23,3907.38,3915.17,126356214
2025-03-31,3905.98,3928.45,3872.4,3887.31,166798523
2025-04-01,3892.78,3905.26,3882.4,3887.68,140380274
2025-04-02,3884.42,3900.49,3877.16,3884.39,113043175
2025-04-03,3843.42,3883.7,3843.42,3861.5,142599789
2025-04-07,3675.2,3707.78,3514.12,3589.44,312578586
2025-04-08,3597.99,3650.76,3583.87,3650.76,280197312
2025-04-09,3606.1,3686.79,3587.34,3686.79,262305708
2025-04-10,3749.13,3756.14,3708.82,3735.12,227252227
2025-04-11,3730.31,3762.37,3708.46,3750.52,168759691
2025-04-14,3772.04,3776.63,3754.03,3759.14,164462403
2025-04-15,3756.48,3764.49,3737.85,3761.23,134006040
2025-04-16,3757.88,3775.17,3721.6,3772.82,156359006
2025-04-17,3755.09,3779.13,3749.5,3772.22,122371002
2025-04-18,3760.04,3782.04,3754.41,3772.52,102948509
